[
    {
      "entityType": "ProvinceType",
      "id": 1,
      "code": "PE11",
      "description": "Prince Edward Island",
      "countryType": "CAN"
    },
    {
      "entityType": "ProvinceType",
      "id": 2,
      "code": "NS",
      "description": "Nova Scotia",
      "countryType": "CAN"
    },
    {
      "entityType": "ProvinceType",
      "id": 3,
      "code": "NB",
      "description": "New Brunswick",
      "countryType": "CAN"
    },
    {
      "entityType": "ProvinceType",
      "id": 4,
      "code": "NL",
      "description": "Newfoundland and Labrador",
      "countryType": "CAN"
    },
    {
      "entityType": "ProvinceType",
      "id": 5,
      "code": "QC",
      "description": "Quebec",
      "countryType": "CAN"
    }
  ]