[
    {
      "id": 1,
      "entityType": "CitizenshipStatusType",
      "code": "1",
      "description": "Canadian Citizen"
    },
    {
      "id": 2,
      "entityType": "CitizenshipStatusType",
      "code": "2",
      "description": "Landed Immigrant"
    },
    {
      "id": 3,
      "entityType": "CitizenshipStatusType",
      "code": "3",
      "description": "Working Visa"
    },
    {
      "id": 4,
      "entityType": "CitizenshipStatusType",
      "code": "4",
      "description": "Ministerial Permit"
    },
    {
        "id": 5,
        "entityType": "CitizenshipStatusType",
        "code": "5",
        "description": "Unknown-for-Test"
      }
  ]